k1,k2,availability_mean,availability_std,data_loss_rate_mean,data_loss_rate_std,total_loss_events_mean,p_loss_analytical
1,0,0.9999806184823588,4.5066945499831e-05,0.0078125,0.01719123763188065,0.25,0.001
1,1,1.0,0.0,0.0,0.0,0.0,1.0000000000000001e-07
2,0,0.9999727469297561,8.561761261144676e-05,0.0078125,0.024574922364282787,0.25,0.001
2,1,1.0,0.0,0.0,0.0,0.0,1.0000000000000001e-07
3,0,0.9999897324567335,4.591784941143499e-05,0.0015625,0.006987712429686842,0.05,0.001
3,1,1.0,0.0,0.0,0.0,0.0,1.0000000000000001e-07
