{
  "availability_mean": 1.0,
  "availability_std": 0.0,
  "availability_p05": 1.0,
  "availability_p95": 1.0,
  "shard_availability_mean_mean": 1.0,
  "shard_availability_mean_std": 0.0,
  "shard_availability_mean_p05": 1.0,
  "shard_availability_mean_p95": 1.0,
  "data_loss_events_mean": 0.0,
  "data_loss_events_std": 0.0,
  "data_loss_events_p05": 0.0,
  "data_loss_events_p95": 0.0,
  "data_loss_rate_per_shard_year_mean": 0.0,
  "data_loss_rate_per_shard_year_std": 0.0,
  "data_loss_rate_per_shard_year_p05": 0.0,
  "data_loss_rate_per_shard_year_p95": 0.0,
  "quorum_availability_mean": 0.9999939536822886,
  "quorum_availability_std": 2.2938965680831066e-05,
  "quorum_availability_p05": 0.9999715210336909,
  "quorum_availability_p95": 1.0,
  "mean_response_ms_mean": 49.82706195644092,
  "mean_response_ms_std": 0.695263242653031,
  "mean_response_ms_p05": 48.90800011242198,
  "mean_response_ms_p95": 51.308480280580866,
  "p50_response_ms_mean": 34.53220767612204,
  "p50_response_ms_std": 0.6687604430569566,
  "p50_response_ms_p05": 33.597316114857065,
  "p50_response_ms_p95": 35.58601708200537,
  "p95_response_ms_mean": 148.95643594546385,
  "p95_response_ms_std": 2.981391957491687,
  "p95_response_ms_p05": 144.66390290751042,
  "p95_response_ms_p95": 154.27143359016335,
  "p99_response_ms_mean": 228.70278103286697,
  "p99_response_ms_std": 7.4202299731346955,
  "p99_response_ms_p05": 218.73907062640546,
  "p99_response_ms_p95": 240.91142524198415,
  "slo_fraction_mean": 0.9823767718890128,
  "slo_fraction_std": 0.001992995485657976,
  "slo_fraction_p05": 0.9783330769230769,
  "slo_fraction_p95": 0.9850082197273456,
  "mean_queue_wait_ms_mean": 0.0,
  "mean_queue_wait_ms_std": 0.0,
  "mean_queue_wait_ms_p05": 0.0,
  "mean_queue_wait_ms_p95": 0.0,
  "n_requests_mean": 4972.175,
  "n_requests_std": 39.67424243536999,
  "n_requests_p05": 4892.5,
  "n_requests_p95": 5000.0,
  "downtime_hours_mean": 0.0,
  "downtime_hours_std": 0.0,
  "downtime_hours_p05": 0.0,
  "downtime_hours_p95": 0.0
}