{
  "availability_mean": 1.0,
  "availability_std": 0.0,
  "availability_p05": 1.0,
  "availability_p95": 1.0,
  "shard_availability_mean_mean": 1.0,
  "shard_availability_mean_std": 0.0,
  "shard_availability_mean_p05": 1.0,
  "shard_availability_mean_p95": 1.0,
  "data_loss_events_mean": 0.0,
  "data_loss_events_std": 0.0,
  "data_loss_events_p05": 0.0,
  "data_loss_events_p95": 0.0,
  "data_loss_rate_per_shard_year_mean": 0.0,
  "data_loss_rate_per_shard_year_std": 0.0,
  "data_loss_rate_per_shard_year_p05": 0.0,
  "data_loss_rate_per_shard_year_p95": 0.0,
  "quorum_availability_mean": 0.9999968890953657,
  "quorum_availability_std": 1.2507890932242797e-05,
  "quorum_availability_p05": 0.9999750690380175,
  "quorum_availability_p95": 1.0,
  "mean_response_ms_mean": 49.95639470435217,
  "mean_response_ms_std": 0.7056570453920973,
  "mean_response_ms_p05": 48.83430412756099,
  "mean_response_ms_p95": 51.09955444204603,
  "p50_response_ms_mean": 34.63245901646705,
  "p50_response_ms_std": 0.7210893299118425,
  "p50_response_ms_p05": 33.412459617151,
  "p50_response_ms_p95": 35.80105840472264,
  "p95_response_ms_mean": 149.46743277931716,
  "p95_response_ms_std": 3.048429187475908,
  "p95_response_ms_p05": 144.5387230769473,
  "p95_response_ms_p95": 154.56462654755228,
  "p99_response_ms_mean": 229.51978508894024,
  "p99_response_ms_std": 7.281268143035987,
  "p99_response_ms_p05": 218.1906294471457,
  "p99_response_ms_p95": 241.87036930353122,
  "slo_fraction_mean": 0.9818279773977376,
  "slo_fraction_std": 0.0019364571845705968,
  "slo_fraction_p05": 0.9787777155913427,
  "slo_fraction_p95": 0.9849903651115619,
  "mean_queue_wait_ms_mean": 0.0,
  "mean_queue_wait_ms_std": 0.0,
  "mean_queue_wait_ms_p05": 0.0,
  "mean_queue_wait_ms_p95": 0.0,
  "n_requests_mean": 4972.518,
  "n_requests_std": 41.242315703711455,
  "n_requests_p05": 4884.0,
  "n_requests_p95": 5000.0,
  "downtime_hours_mean": 0.0,
  "downtime_hours_std": 0.0,
  "downtime_hours_p05": 0.0,
  "downtime_hours_p95": 0.0
}