{
  "availability_mean": 1.0,
  "availability_std": 0.0,
  "availability_p05": 1.0,
  "availability_p95": 1.0,
  "shard_availability_mean_mean": 1.0,
  "shard_availability_mean_std": 0.0,
  "shard_availability_mean_p05": 1.0,
  "shard_availability_mean_p95": 1.0,
  "data_loss_events_mean": 0.0,
  "data_loss_events_std": 0.0,
  "data_loss_events_p05": 0.0,
  "data_loss_events_p95": 0.0,
  "data_loss_rate_per_shard_year_mean": 0.0,
  "data_loss_rate_per_shard_year_std": 0.0,
  "data_loss_rate_per_shard_year_p05": 0.0,
  "data_loss_rate_per_shard_year_p95": 0.0,
  "quorum_availability_mean": 0.9999978674877987,
  "quorum_availability_std": 1.0214230864748369e-05,
  "quorum_availability_p05": 0.9999894102753178,
  "quorum_availability_p95": 1.0,
  "mean_response_ms_mean": 50.03661994339486,
  "mean_response_ms_std": 0.4633092378306608,
  "mean_response_ms_p05": 49.22548577658697,
  "mean_response_ms_p95": 50.72670491198427,
  "p50_response_ms_mean": 34.72091085397487,
  "p50_response_ms_std": 0.4630776103756429,
  "p50_response_ms_p05": 34.04539052085677,
  "p50_response_ms_p95": 35.432143160651876,
  "p95_response_ms_mean": 149.80217722293554,
  "p95_response_ms_std": 1.7645321453589953,
  "p95_response_ms_p05": 147.09813209691396,
  "p95_response_ms_p95": 152.74659560709077,
  "p99_response_ms_mean": 230.18034649770507,
  "p99_response_ms_std": 2.92554567216139,
  "p99_response_ms_p05": 225.95931026973022,
  "p99_response_ms_p95": 235.10031906491088,
  "slo_fraction_mean": 0.9816468730290098,
  "slo_fraction_std": 0.0009090663886027292,
  "slo_fraction_p05": 0.9801992381844958,
  "slo_fraction_p95": 0.9830133333333333,
  "mean_queue_wait_ms_mean": 0.0,
  "mean_queue_wait_ms_std": 0.0,
  "mean_queue_wait_ms_p05": 0.0,
  "mean_queue_wait_ms_p95": 0.0,
  "n_requests_mean": 14958.9,
  "n_requests_std": 68.79057776864205,
  "n_requests_p05": 14815.45,
  "n_requests_p95": 15000.0,
  "downtime_hours_mean": 0.0,
  "downtime_hours_std": 0.0,
  "downtime_hours_p05": 0.0,
  "downtime_hours_p95": 0.0
}